{"Root":{"attackValue":0.06455441564321518,"effectiveWinValue":0.0435410812497139,"minimaxValue":0.06455441564321518,"moveInfos":[{"G17":{"attackValue":0.9564589187502861,"effectiveWinValue":0.9564589187502861,"lcb":-0.033622530056625674,"minimaxValue":0.9564589187502861,"moveInfos":[{"D16":{"attackValue":0.0435410812497139,"effectiveWinValue":0.0435410812497139,"lcb":1.0595426653594935,"minimaxValue":0.0435410812497139,"moveInfos":[{"C12":{"attackValue":0.9564589187502861,"effectiveWinValue":0.9564589187502861,"lcb":-0.9538081554128439,"minimaxValue":0.9564589187502861,"moveInfos":[{"E17":{"attackValue":0.0435410812497139,"effectiveWinValue":0.0435410812497139,"lcb":1.9563006558746565,"minimaxValue":0.0435410812497139,"moveInfos":[],"numChildren":0,"order":0,"perspective":"black","playSelectionValue":1.0,"prevMove":"E17","prior":0.20073267817497253,"pv":["E17"],"pvVisits":[1],"scoreLead":12.691417694091797,"scoreMean":12.691417694091797,"scoreSelfplay":14.034838676452637,"scoreStdev":17.59682391152491,"utility":0.9717009564263386,"utilityLcb":-2.6,"visits":1,"weightSum":1.0,"winValueAvg":0.0435410812497139,"winValueSum":0.0435410812497139,"winrate":0.9563006558746565}}],"numChildren":1,"order":0,"perspective":"white","playSelectionValue":2.0,"prevMove":"C12","prior":0.27954623103141785,"pv":["C12","E17"],"pvVisits":[2,1],"scoreLead":-11.617191314697266,"scoreMean":-11.617191314697266,"scoreSelfplay":-12.862950801849365,"scoreStdev":17.759806385923575,"utility":-0.9618854115229158,"utilityLcb":-2.6,"visits":2,"weightSum":2.0,"winValueAvg":0.046014612540602684,"winValueSum":0.09202922508120537,"winrate":0.04619184458715608}},{"C16":{"attackValue":0.9637833535671234,"effectiveWinValue":0.9637833535671234,"lcb":-0.9636367718194379,"minimaxValue":0.9637833535671234,"moveInfos":[],"numChildren":0,"order":1,"perspective":"white","playSelectionValue":1.0,"prevMove":"C16","prior":0.28998491168022156,"pv":["C16"],"pvVisits":[1],"scoreLead":-10.580244064331055,"scoreMean":-10.580244064331055,"scoreSelfplay":-11.729260444641113,"scoreStdev":15.669123596585056,"utility":-0.9782030037597207,"utilityLcb":-2.6,"visits":1,"weightSum":1.0,"winValueAvg":0.03621664643287659,"winValueSum":0.03621664643287659,"winrate":0.036363228180562146}}],"numChildren":2,"order":0,"perspective":"black","playSelectionValue":4.0,"prevMove":"D16","prior":0.21695025265216827,"pv":["D16","C12","E17"],"pvVisits":[4,2,1],"scoreLead":10.748533117687442,"scoreMean":10.748533117687442,"scoreSelfplay":12.06733005856688,"scoreStdev":17.095158045902732,"utility":0.9501412161877033,"utilityLcb":0.6636324387572637,"visits":4,"weightSum":2.8320926822873105,"winValueAvg":0.05047963926667758,"winValueSum":0.14296301697166075,"winrate":0.9493469817324014}},{"C17":{"attackValue":0.07197020202875137,"effectiveWinValue":0.07197020202875137,"lcb":1.927858192488202,"minimaxValue":0.07197020202875137,"moveInfos":[],"numChildren":0,"order":1,"perspective":"black","playSelectionValue":1.0,"prevMove":"C17","prior":0.14175862073898315,"pv":["C17"],"pvVisits":[1],"scoreLead":8.989617347717285,"scoreMean":8.989617347717285,"scoreSelfplay":10.567473411560059,"scoreStdev":16.62423311884555,"utility":0.9012291135050339,"utilityLcb":-2.6,"visits":1,"weightSum":1.0,"winValueAvg":0.07197020202875137,"winValueSum":0.07197020202875137,"winrate":0.9278581924882019}},{"B14":{"attackValue":0.1523289680480957,"effectiveWinValue":0.1523289680480957,"lcb":1.8473823930544313,"minimaxValue":0.1523289680480957,"moveInfos":[],"numChildren":0,"order":2,"perspective":"black","playSelectionValue":1.0,"prevMove":"B14","prior":0.1358042061328888,"pv":["B14"],"pvVisits":[1],"scoreLead":6.941837787628174,"scoreMean":6.941837787628174,"scoreSelfplay":8.022862434387207,"scoreStdev":16.917643035842655,"utility":0.7293947998771886,"utilityLcb":-2.6,"visits":1,"weightSum":1.0,"winValueAvg":0.1523289680480957,"winValueSum":0.1523289680480957,"winrate":0.8473823930544313}}],"numChildren":3,"order":0,"perspective":"white","playSelectionValue":7.0,"prevMove":"G17","prior":0.3388366997241974,"pv":["G17","D16","C12","E17"],"pvVisits":[7,4,2,1],"scoreLead":-9.915747688553628,"scoreMean":-9.915747688553628,"scoreSelfplay":-11.236246602594585,"scoreStdev":16.913190467640565,"utility":-0.9175248412894289,"utilityLcb":-1.1747283118053506,"visits":7,"weightSum":4.1327508177484,"winValueAvg":0.06511658614191403,"winValueSum":0.2691106246269793,"winrate":0.06530188168026729}},{"O18":{"attackValue":0.9484659768640995,"effectiveWinValue":0.9484659768640995,"lcb":-0.09520457442916877,"minimaxValue":0.9484659768640995,"moveInfos":[{"D16":{"attackValue":0.0515340231359005,"effectiveWinValue":0.0515340231359005,"lcb":1.946095004255767,"minimaxValue":0.0515340231359005,"moveInfos":[{"F17":{"attackValue":0.9484659768640995,"effectiveWinValue":0.9484659768640995,"lcb":-0.9482417739345692,"minimaxValue":0.9484659768640995,"moveInfos":[],"numChildren":0,"order":0,"perspective":"white","playSelectionValue":1.0,"prevMove":"F17","prior":0.47719189524650574,"pv":["F17"],"pvVisits":[1],"scoreLead":-10.967470169067383,"scoreMean":-10.967470169067383,"scoreSelfplay":-12.092514038085938,"scoreStdev":17.355078422783347,"utility":-0.9478690208315577,"utilityLcb":-2.6,"visits":1,"weightSum":1.0,"winValueAvg":0.0515340231359005,"winValueSum":0.0515340231359005,"winrate":0.05175822606543079}}],"numChildren":1,"order":0,"perspective":"black","playSelectionValue":2.0,"prevMove":"D16","prior":0.12675459682941437,"pv":["D16","F17"],"pvVisits":[2,1],"scoreLead":10.870626449584961,"scoreMean":10.870626449584961,"scoreSelfplay":12.243480205535889,"scoreStdev":17.267681670509035,"utility":0.9442515672413011,"utilityLcb":-2.6,"visits":2,"weightSum":2.0,"winValueAvg":0.053666435182094574,"winValueSum":0.10733287036418915,"winrate":0.946095004255767}},{"B14":{"attackValue":0.09289588779211044,"effectiveWinValue":0.09289588779211044,"lcb":1.906867250596406,"minimaxValue":0.09289588779211044,"moveInfos":[],"numChildren":0,"order":1,"perspective":"black","playSelectionValue":1.0,"prevMove":"B14","prior":0.17064115405082703,"pv":["B14"],"pvVisits":[1],"scoreLead":8.30834674835205,"scoreMean":8.30834674835205,"scoreSelfplay":9.878824234008789,"scoreStdev":16.435007904766355,"utility":0.8564527287206647,"utilityLcb":-2.6,"visits":1,"weightSum":1.0,"winValueAvg":0.09289588779211044,"winValueSum":0.09289588779211044,"winrate":0.9068672505964059}}],"numChildren":2,"order":1,"perspective":"white","playSelectionValue":4.0,"prevMove":"O18","prior":0.19366075098514557,"pv":["O18","D16","F17"],"pvVisits":[4,2,1],"scoreLead":-10.154793258619511,"scoreMean":-10.154793258619511,"scoreSelfplay":-11.497934812099308,"scoreStdev":16.928136052873043,"utility":-0.9304772525968235,"utilityLcb":-1.332337853750984,"visits":4,"weightSum":2.8477896756620282,"winValueAvg":0.05914274133668687,"winValueSum":0.16842608816896673,"winrate":0.05935719524550831}},{"M3":{"attackValue":0.9354455843567848,"effectiveWinValue":0.9354455843567848,"lcb":-0.9535466026864015,"minimaxValue":0.9354455843567848,"moveInfos":[{"O8":{"attackValue":0.06455441564321518,"effectiveWinValue":0.06455441564321518,"lcb":1.9352698119182605,"minimaxValue":0.06455441564321518,"moveInfos":[],"numChildren":0,"order":0,"perspective":"black","playSelectionValue":1.0,"prevMove":"O8","prior":0.1409851759672165,"pv":["O8"],"pvVisits":[1],"scoreLead":9.345867156982422,"scoreMean":9.345867156982422,"scoreSelfplay":10.926440238952637,"scoreStdev":16.478634616429364,"utility":0.9176457515324026,"utilityLcb":-2.6,"visits":1,"weightSum":1.0,"winValueAvg":0.06455441564321518,"winValueSum":0.06455441564321518,"winrate":0.9352698119182605}}],"numChildren":1,"order":2,"perspective":"white","playSelectionValue":2.0,"prevMove":"M3","prior":0.1340683102607727,"pv":["M3","O8"],"pvVisits":[2,1],"scoreLead":-10.633005619049072,"scoreMean":-10.633005619049072,"scoreSelfplay":-11.85886526107788,"scoreStdev":16.522053326269244,"utility":-0.9580507548156911,"utilityLcb":-2.6,